category,rating,num_ratings,num_sold,name,price
Thá»i Trang Nam,4.7,"12,9k","93,1k",Quáº§n Ä‘Ã¹i nam thá»ƒ thao quáº§n short hÃ ng xuáº¥t cao cáº¥p phong cÃ¡ch tráº» trung nÄƒng Ä‘á»™ng T80,â‚«29.600
Thá»i Trang Nam,4.8,"6,2k","36,2k",Quáº§n ÄÃ¹i Thá»ƒ Thao Nam PoLy Cá»±c Äáº¹p Store NA,â‚«69.760
Thá»i Trang Nam,4.8,271,"5,3k",Quáº§n short nam KAKI GIÃ“ cáº¡p khuy pha cÃºc tráº» trung Ä‘Ã¹i ngáº¯n premium xá»‹n [Q46],â‚«39.500 - â‚«89.000
Thá»i Trang Nam,4.9,"5,7k","50,2k","Quáº§n ÄÃ¹i Nam Ná»¯ Thun Cotton AmericanStyle Äáº­p Tan NÃ³ng Bá»©c Máº·c NhÃ , Máº·c LÃ m Quáº§n Ngá»§ CÃ³ Bigsize",â‚«31.000 - â‚«41.000
Thá»i Trang Nam,4.8,"3,6k","14,7k","Ão sÆ¡ mi nam ngáº¯n tay ,cháº¥t váº£i lá»¥a ThÃ¡i cotton má»m má»‹n thoÃ¡ng mÃ¡t kiá»ƒu dÃ¡ng trung niÃªn TN Lá»¤A MVP",â‚«32.000
Thá»i Trang Nam,4.8,"3,4k","18,1k",Quáº§n Short Unisex Basic Thá»ƒ Thao Phong CÃ¡ch HÃ n QuÃ´c Máº·c ThoÃ¡ng MÃ¡t,â‚«39.900
Thá»i Trang Nam,4.7,"1,4k","7,8k","Quáº§n Short Nilen Nam ( HÃ ng Xá»‹n, LÃªn Form Cá»±c Äáº¹p ) Store NA",â‚«78.970
Thá»i Trang Nam,4.9,772,"10,7k",Quáº§n Short Ä‘Ã¹i BÃ² Jean Nam Avocado Tráº¯ng Äen Retro Wash Co GiÃ£n form TRÃŠN Gá»I,â‚«135.200 - â‚«149.200
Thá»i Trang Nam,4.8,"3,9k","18,4k",[TAS002] QUáº¦N SHORT TÃ‚Y Ã‚U NAM HÃ€NG Äáº¸P CO GIÃƒN NHáº¸ - KHÃ”NG NHÄ‚N - KHÃ”NG XÃ™ - KHÃ”NG PHAI MÃ€U,â‚«69.000
Thá»i Trang Nam,4.7,"5,6k","71,5k",Quáº§n lÃ³t nam thá»ƒ thao cao cáº¥p cháº¥t thun láº¡nh Ä‘áº¹p quáº§n sá»‹p nam Ä‘Ã¹i má»m máº¡i co dÃ£n,â‚«19.000
Thá»i Trang Nam,4.7,379,"6,4k",Quáº§n Short Unisex nam ná»¯ trÆ¡n quáº§n Ä‘Ã¹i nam cháº¥t váº£i xá»‘p tá»• ong mÃ¡t máº» thoáº£i mÃ¡i,â‚«29.000 - â‚«50.000
Thá»i Trang Nam,4.9,"27,3k",110k,"Quáº§n Short Nam 6 MÃ u Tráº» Trung Cháº¥t Liá»‡u Kaki Má»m Máº¡i, Quáº§n ÄÃ¹i Nam Kiá»ƒu DÃ¡ng Basic Phong CÃ¡ch HÃ n Quá»‘c VICERO",â‚«139.000 - â‚«159.000
Thá»i Trang Nam,4.9,"11,5k","39,9k",Ão Polo Phá»‘i cá»• SPION Local Brand polo unisex nam ná»¯ oversize - KNC 192,â‚«79.000
Thá»i Trang Nam,4.8,"3,3k",17k,Ão Thun Soccer Phá»‘i Local Brand By UniSpace Our Ground Ão PhÃ´ng Unisex Pao_STORE,â‚«69.000
Thá»i Trang Nam,4.5,"12,7k","55,4k",âš¡ï¸ GiÃ¡ Sá»‘c âš¡ï¸Tháº¯t lÆ°ng nam da cao cáº¥p khÃ³a kim loáº¡i tá»± Ä‘á»™ng khÃ´ng gá»‰ - Cam káº¿t 1 Ä‘á»•i 1 báº£o hÃ nh 12 thÃ¡ng,â‚«1.000
Thá»i Trang Nam,4.7,"21,3k","122,2k","Quáº§n Short unisex nam ná»¯ cháº¥t cotton cao cáº¥p, phong cÃ¡ch thá»ƒ thao, máº·c thoÃ¡ng mÃ¡t, co dÃ£n 4 chiá»u, quáº§n Ä‘Ã¹i nam ná»¯, basi",â‚«29.000
Thá»i Trang Nam,4.3,"18,3k","60,4k","Tháº¯t LÆ°ng Da NamğŸ”¥GiÃ¡ Sá»‘cğŸ”¥KhÃ³a Tá»± Äá»™ng Cao Cáº¥p DÃ¢y Ná»‹t Nam Máº·t Xoay ChÃ­nh HÃ£ng , Phong CÃ¡ch HÃ n Quá»‘c",â‚«1.000
Thá»i Trang Nam,4.5,"6,3k","39,7k","Ão thun nam ná»¯ tay lá»¡ Angel Devil, Ã¡o phÃ´ng cotton from rá»™ng freesize unisex AD-Trend",â‚«39.000
Thá»i Trang Nam,4.6,"2,6k","32,5k","Ão thun nam ná»¯ unisex tay lá»¡ A.R.0.1, Ã¡o phÃ´ng cotton form rá»™ng oversize streetwear Trend 2022",â‚«38.000
Thá»i Trang Nam,4.9,"1,9k","15,4k","DÃ¢y Ná»‹t Da BÃ² NguyÃªn Miáº¿ng Vicezo Cao Cáº¥p Báº£o HÃ nh Lá»—i 1 Äá»•i 1, Tháº¯t LÆ°ng Nam Da BÃ² NguyÃªn Táº¥m",â‚«169.000
Thá»i Trang Nam,4.6,"4,6k","18,1k","Ão thun nam, Ã¡o phÃ´ng nam tay ngáº¯n cá»• trÃ²n cháº¥t cotton dÃ y dáº·n thoÃ¡ng mÃ¡t ATN010 - An CÆ°á»ng Fashion",â‚«29.000 - â‚«64.900
